dataset_key,ratio,local_p1_mean,local_p1_std,local_p2_mean,local_p2_std,fed_p1_mean,fed_p1_std,fed_p2_mean,fed_p2_std
1,0.125,0.6445708870887756,0.07530500656572264,0.8821123838424683,0.010498951942777416,0.8880867624239709,0.04309717501828911,0.8861797870020011,0.04303140734016835
1,0.25,0.8034613529841105,0.018533150323892023,0.8319766918818156,0.06757491906265327,0.8506563340039605,0.08130665279488715,0.8504893669436777,0.08219657192466372
1,0.5,0.8044729034105936,0.06337893762301261,0.8747747739156088,0.015282235591713706,0.8698916369521786,0.01481074589469644,0.8706673368168497,0.014460484201246416
1,1.0,0.7929086883862814,0.09341865348685185,0.7509298721949259,0.12373101196385651,0.8670337752545209,0.03024895088854358,0.8667345248556959,0.030100470401541155
1,2.0,0.8566698034604391,0.036439943822946526,0.8107159733772278,0.02324884082215706,0.8815456518268792,0.0032845863847571805,0.8811589804866177,0.0032739952998576544
1,4.0,0.8610255122184753,0.020424553368389928,0.7612876097361246,0.0799981590354453,0.8825266504460023,0.003033025058532462,0.8835336143056894,0.0025125712369547318
1,8.0,0.8771989146868387,0.005434522723571103,0.6152679026126862,0.12498646020422724,0.8813953272316309,0.01015429722392662,0.8817454742912768,0.00974604417101521
5,0.125,0.8531436721483866,0.029743490223557892,0.9371674259503683,0.00733055892988239,0.9405475768726151,0.0040009965786370165,0.9403219945319469,0.004077018576913659
5,0.25,0.8700226545333862,0.029929331503056156,0.9330414533615112,0.004743194501147151,0.9337782208841205,0.004860212459968068,0.934328534956225,0.004752443812923616
5,0.5,0.9182005921999613,0.012114871496903797,0.9156069159507751,0.003419582449315509,0.9298122497595985,0.007802913876202377,0.9297949968768413,0.008010039950306237
5,1.0,0.9015213251113892,0.02151857907806838,0.9263975024223328,0.007232588014728357,0.9288648376181877,0.00350142398456543,0.9291063767364965,0.004016328440920584
5,2.0,0.9218959013621012,0.009230352214417842,0.9085150162378947,0.016442900107453255,0.9322334436376,0.005846748173370183,0.9321771508983455,0.0055616513406589714
5,4.0,0.9311382174491882,0.00701266994147107,0.8400294979413351,0.0372906805942508,0.9275796286032826,0.008413488035914575,0.9273334181563445,0.00846205129494387
5,8.0,0.9204365611076355,0.023568547801994886,0.7977999051411947,0.0693483362731239,0.9350395642245336,0.007794177216985066,0.9350357247088573,0.006886194798645758
10,0.125,0.8946215311686198,0.031218847148399093,0.9252036809921265,0.018986955292457457,0.9244741231910242,0.03606102488922499,0.9227746089574324,0.04057879986946981
10,0.25,0.915585974852244,0.009662193120267516,0.9340483943621317,0.007731549992953136,0.9388911605160201,0.009835506950754072,0.9386315740342521,0.009081285933174105
10,0.5,0.9254979292551676,0.006890694895457759,0.9345740477244059,0.007906048252438316,0.9407498805278841,0.0026294420154656002,0.9395186258537921,0.002539978718595781
10,1.0,0.8780969381332397,0.06745232383023882,0.9415230751037598,0.0032006570432911515,0.9434663669106821,0.0017178448035917147,0.62975309961049,0.5453824667916493
10,2.0,0.9321518739064535,0.009977421972111203,0.933234711488088,0.00965376133958818,0.9008596094948773,0.07027788511718037,0.8877338937334763,0.09206175538866085
10,4.0,0.9418016274770101,0.004261678372029958,0.9161365230878195,0.009083687815085496,0.9407684848609112,0.007613770537997757,0.94373690724948,0.0034468859496598484
10,8.0,0.9393165508906046,0.007597026146840166,0.9167946775754293,0.02411041840898915,0.9446700549148189,0.002719596923944745,0.9427048664586465,0.00748383891022683
